{
  "n_train": 1264212,
  "n_test": 424070,
  "full": false,
  "no_cpu": true,
  "metrics": {
    "global": {
      "MAE": 0.15535812483788053,
      "MdAE": 0.09999999999999998,
      "within_2x_pct": 84.73954771617893,
      "log_rmse": 0.7549467155768889,
      "spearman": 0.014940033132217933,
      "coverage": 0.823361709151791,
      "width": 0.3900000000000003
    },
    "gbt-nodag": {
      "MAE": 0.1175062412505168,
      "MdAE": 0.08999868288869728,
      "within_2x_pct": 94.34503737590492,
      "log_rmse": 0.6968837913860519,
      "spearman": 0.4748012361322531,
      "coverage": 0.8219044025750466,
      "width": 0.39908772329732073
    },
    "gbt-dag": {
      "MAE": 0.03772295574482669,
      "MdAE": 4.957606931157987e-07,
      "within_2x_pct": 98.80184875138538,
      "log_rmse": 0.2770039290283429,
      "spearman": 0.8545362605968231,
      "coverage": 0.8480015091848044,
      "width": 0.1719087111307422
    }
  },
  "delta_mae_pct": 67.8970620254941,
  "delta_logrmse_pct": 60.2510587199335
}