{
  "n_train": 10679063,
  "n_test": 3553277,
  "full": true,
  "no_cpu": false,
  "metrics": {
    "global": {
      "MAE": 0.1562603309564662,
      "MdAE": 0.09999999999999998,
      "within_2x_pct": 84.58577814226136,
      "log_rmse": 0.7578833534774946,
      "spearman": -0.0002225454126565025,
      "coverage": 0.822024007697683,
      "width": 0.3899999999999971
    },
    "gbt-nodag": {
      "MAE": 0.04007819973055455,
      "MdAE": 1.2016742553799808e-07,
      "within_2x_pct": 98.92732820998756,
      "log_rmse": 0.2621237211344678,
      "spearman": 0.8506187885512152,
      "coverage": 0.8234480452832695,
      "width": 0.2150046628867851
    },
    "gbt-dag": {
      "MAE": 0.03931547181109143,
      "MdAE": 5.1532251882369096e-08,
      "within_2x_pct": 98.85820891531958,
      "log_rmse": 0.25543578725853,
      "spearman": 0.8858363893401321,
      "coverage": 0.7914767129047355,
      "width": 0.15583058229570804
    }
  },
  "delta_mae_pct": 1.9030992524388217,
  "delta_logrmse_pct": 2.5514416806661058
}