{
  "n_train": 1264212,
  "n_test": 424070,
  "full": false,
  "metrics": {
    "global": {
      "MAE": 0.15535812483788053,
      "MdAE": 0.09999999999999998,
      "within_2x_pct": 84.73954771617893,
      "log_rmse": 0.7549467155768889,
      "spearman": 0.014940033132217933,
      "coverage": 0.823361709151791,
      "width": 0.3900000000000003
    },
    "gbt-nodag": {
      "MAE": 0.039991237488514984,
      "MdAE": 1.4835484810071797e-07,
      "within_2x_pct": 98.90230386492796,
      "log_rmse": 0.26020803038695756,
      "spearman": 0.8507913935634331,
      "coverage": 0.8006697007569505,
      "width": 0.1861203215201357
    },
    "gbt-dag": {
      "MAE": 0.03952971789718254,
      "MdAE": 1.427849539714643e-07,
      "within_2x_pct": 98.805150093145,
      "log_rmse": 0.25642118645291073,
      "spearman": 0.8822088499695316,
      "coverage": 0.8007593086047115,
      "width": 0.16411153230033537
    }
  },
  "delta_mae_pct": 1.1540517881322998,
  "delta_logrmse_pct": 1.4553140148731678
}