{
  "models": [
    "qwen2.5:3b",
    "qwen2.5:7b",
    "qwen2.5:14b"
  ],
  "n_jobs": 3414,
  "in_distribution": {
    "mean": {
      "MAE_min": 199.2531097441906,
      "MdAE_min": 114.48333333333333,
      "MAPE_pct": 126.08760274510674,
      "within_2x_pct": 44.288224956063274,
      "log_rmse": 1.0743160173930741,
      "spearman": -0.042939883701895,
      "coverage": 0.0,
      "width_min": 0.0
    },
    "heuristic": {
      "MAE_min": 198.48404791544618,
      "MdAE_min": 113.50000000000001,
      "MAPE_pct": 122.08994513874869,
      "within_2x_pct": 44.66900995899238,
      "log_rmse": 1.0634711743742942,
      "spearman": -0.01804260295969157,
      "coverage": 0.0,
      "width_min": 0.0
    },
    "retrieval": {
      "MAE_min": 172.0276654950205,
      "MdAE_min": 79.37916666666666,
      "MAPE_pct": 84.29447362196689,
      "within_2x_pct": 57.381370826010546,
      "log_rmse": 0.9486922523982826,
      "spearman": 0.4984028509253276,
      "coverage": 0.7852958406561219,
      "width_min": 598.0885305604374
    },
    "qwen2.5:3b": {
      "MAE_min": 1101.8086457723102,
      "MdAE_min": 637.3833333333334,
      "MAPE_pct": 1325.8921098132678,
      "within_2x_pct": 20.650263620386646,
      "log_rmse": 2.212938898718201,
      "spearman": -0.03009374033054777,
      "coverage": 0.15582893966022263,
      "width_min": 556.7700644405389
    },
    "qwen2.5:7b": {
      "MAE_min": 275.88478324545986,
      "MdAE_min": 163.24166666666667,
      "MAPE_pct": 230.50461348762786,
      "within_2x_pct": 31.312243702401876,
      "log_rmse": 1.577000377839785,
      "spearman": -0.06242904261437343,
      "coverage": 0.1332747510251904,
      "width_min": 122.13532513181019
    },
    "qwen2.5:14b": {
      "MAE_min": 236.24699765670766,
      "MdAE_min": 125.08333333333334,
      "MAPE_pct": 107.85597795985456,
      "within_2x_pct": 28.763913298183947,
      "log_rmse": 1.6591690479217174,
      "spearman": 0.1068305367334771,
      "coverage": 0.15846514352665494,
      "width_min": 77.42882249560633
    }
  },
  "ood_leave_family_out": {
    "gnn": {
      "n": 92,
      "mean": {
        "MAE_min": 190.76231884057972,
        "MdAE_min": 126.38333333333335,
        "MAPE_pct": 320.00287682443246,
        "within_2x_pct": 25.0,
        "log_rmse": 1.491502200208954,
        "spearman": 0.25072823389793936,
        "coverage": 0.0,
        "width_min": 0.0
      },
      "retrieval": {
        "MAE_min": 190.76231884057972,
        "MdAE_min": 126.38333333333335,
        "MAPE_pct": 320.00287682443246,
        "within_2x_pct": 25.0,
        "log_rmse": 1.491502200208954,
        "spearman": 0.25072823389793936,
        "coverage": 0.4782608695652174,
        "width_min": 607.0983333333335
      },
      "qwen2.5:3b": {
        "MAE_min": 1901.2858695652176,
        "MdAE_min": 2333.0916666666667,
        "MAPE_pct": 3187.1332493192594,
        "within_2x_pct": 5.434782608695652,
        "log_rmse": 3.130863589208797,
        "spearman": 0.3317201732348997,
        "coverage": 0.03260869565217391,
        "width_min": 177.9673913043478
      },
      "qwen2.5:7b": {
        "MAE_min": 339.00833333333327,
        "MdAE_min": 258.725,
        "MAPE_pct": 1145.9906350080896,
        "within_2x_pct": 19.565217391304348,
        "log_rmse": 1.847791116502515,
        "spearman": 0.1405452892128909,
        "coverage": 0.17391304347826086,
        "width_min": 392.60869565217394
      },
      "qwen2.5:14b": {
        "MAE_min": 340.35434782608695,
        "MdAE_min": 202.78333333333333,
        "MAPE_pct": 547.58333703085,
        "within_2x_pct": 6.521739130434782,
        "log_rmse": 1.8402520739839996,
        "spearman": 0.2006997210363269,
        "coverage": 0.043478260869565216,
        "width_min": 306.1630434782609
      }
    },
    "nlp": {
      "n": 361,
      "mean": {
        "MAE_min": 108.70794090489382,
        "MdAE_min": 98.64999999999999,
        "MAPE_pct": 164.56690478277278,
        "within_2x_pct": 28.80886426592798,
        "log_rmse": 1.004855172156195,
        "spearman": 0.355515934354642,
        "coverage": 0.0,
        "width_min": 0.0
      },
      "retrieval": {
        "MAE_min": 108.70794090489382,
        "MdAE_min": 98.64999999999999,
        "MAPE_pct": 164.56690478277278,
        "within_2x_pct": 28.80886426592798,
        "log_rmse": 1.004855172156195,
        "spearman": 0.355515934354642,
        "coverage": 0.9778393351800554,
        "width_min": 629.9633333333333
      },
      "qwen2.5:3b": {
        "MAE_min": 756.3676823638043,
        "MdAE_min": 831.0833333333333,
        "MAPE_pct": 1033.3484383857392,
        "within_2x_pct": 16.06648199445983,
        "log_rmse": 2.056691295177621,
        "spearman": 0.40169546430775976,
        "coverage": 0.1440443213296399,
        "width_min": 771.634349030471
      },
      "qwen2.5:7b": {
        "MAE_min": 182.18928901200368,
        "MdAE_min": 161.65,
        "MAPE_pct": 281.64115878306376,
        "within_2x_pct": 24.930747922437675,
        "log_rmse": 1.2940323163864258,
        "spearman": -0.29277865352535154,
        "coverage": 0.09418282548476455,
        "width_min": 129.30747922437672
      },
      "qwen2.5:14b": {
        "MAE_min": 92.53545706371192,
        "MdAE_min": 56.33333333333333,
        "MAPE_pct": 72.21469810988698,
        "within_2x_pct": 26.038781163434905,
        "log_rmse": 1.4760383505174255,
        "spearman": -0.2788336062604898,
        "coverage": 0.036011080332409975,
        "width_min": 21.17174515235457
      }
    },
    "unet": {
      "n": 1431,
      "mean": {
        "MAE_min": 217.90376193803866,
        "MdAE_min": 128.78333333333333,
        "MAPE_pct": 182.64451596720636,
        "within_2x_pct": 37.3864430468204,
        "log_rmse": 1.2195521944514947,
        "spearman": -0.0068620258090058865,
        "coverage": 0.0,
        "width_min": 0.0
      },
      "retrieval": {
        "MAE_min": 217.90376193803866,
        "MdAE_min": 128.78333333333333,
        "MAPE_pct": 182.64451596720636,
        "within_2x_pct": 37.3864430468204,
        "log_rmse": 1.2195521944514947,
        "spearman": -0.0068620258090058865,
        "coverage": 0.6799440950384347,
        "width_min": 602.6233333333331
      },
      "qwen2.5:3b": {
        "MAE_min": 955.3012811553692,
        "MdAE_min": 532.4666666666667,
        "MAPE_pct": 1627.7739830662665,
        "within_2x_pct": 20.754716981132077,
        "log_rmse": 2.3111098244477666,
        "spearman": -0.09906206251731707,
        "coverage": 0.14814814814814814,
        "width_min": 441.9552760307477
      },
      "qwen2.5:7b": {
        "MAE_min": 285.74192872117396,
        "MdAE_min": 169.38333333333333,
        "MAPE_pct": 260.25665353463285,
        "within_2x_pct": 31.236897274633122,
        "log_rmse": 1.6707273520253758,
        "spearman": -0.026687138798449014,
        "coverage": 0.14116002795248078,
        "width_min": 107.21174004192872
      },
      "qwen2.5:14b": {
        "MAE_min": 234.20433263452134,
        "MdAE_min": 111.6,
        "MAPE_pct": 111.49933331540515,
        "within_2x_pct": 33.75262054507338,
        "log_rmse": 1.601611146170244,
        "spearman": 0.06511304186016952,
        "coverage": 0.23410202655485673,
        "width_min": 78.61076170510132
      }
    },
    "vision": {
      "n": 1530,
      "mean": {
        "MAE_min": 235.82558823529413,
        "MdAE_min": 125.20833333333333,
        "MAPE_pct": 61.67821642482091,
        "within_2x_pct": 41.830065359477125,
        "log_rmse": 1.184052021877274,
        "spearman": 0.08948074742091085,
        "coverage": 0.0,
        "width_min": 0.0
      },
      "retrieval": {
        "MAE_min": 235.82558823529413,
        "MdAE_min": 125.20833333333333,
        "MAPE_pct": 61.67821642482091,
        "within_2x_pct": 41.830065359477125,
        "log_rmse": 1.184052021877274,
        "spearman": 0.08948074742091085,
        "coverage": 0.8509803921568627,